2025-09-29_16-37-49,None,draft.py:2025-09-29_16-37-49
2025-09-29_16-38-14,None,draft.py:2025-09-29_16-37-49
2025-09-30_10-25-02,None,draft.py:2025-09-29_16-37-49
2025-10-01_08-35-19,None,draft.py:2025-10-01_08-35-19
2025-10-01_08-35-19,None,draft.py:2025-10-01_08-35-19
2025-10-01_08-35-20,None,draft.py:2025-10-01_08-35-20
2025-10-01_08-35-21,None,draft.py:2025-10-01_08-35-20
2025-10-01_08-35-21,None,draft.py:2025-10-01_08-35-20
2025-10-01_08-35-22,None,draft.py:2025-10-01_08-35-20
2025-10-01_08-35-22,None,draft.py:2025-10-01_08-35-20
2025-10-01_08-35-22,None,draft.py:2025-10-01_08-35-20
2025-10-01_08-39-32,None,draft.py:2025-10-01_08-39-32
2025-10-01_08-43-47,None,draft.py:2025-10-01_08-43-47
2025-10-01_08-43-52,None,draft.py:2025-10-01_08-43-47
2025-10-01_08-55-55,None,draft.py:2025-10-01_08-55-55
